SKU,Product Name,Base Color,Cap/Roller Component,Source GIF (Before),Enhanced Result (After),Variations,Updated At
GBCylSwrl9MtlRollPnkDot,"Swirl Pattern Glass with Metal Roller Ball and Pink Dot",clear with swirl,"metal roll with pink dot cap",https://www.bestbottles.com/images/store/enlarged_pics/GBCylSwrl9MtlRollBlkDot.gif,https://wtpcreoetjounuatzaub.supabase.co/storage/v1/object/public/bottle-images/enhanced/GBCylSwrl9MtlRollPnkDot.png,"",2026-01-02T03:21:25.841793+00:00
GBCylSwrl9MtlRollBlkDot,"Swirl Pattern Glass with Metal Roller Ball and Black Dot",clear with swirl,"metal roll with black dot cap",https://www.bestbottles.com/images/store/enlarged_pics/GBCylSwrl9MtlRollBlkDot.gif,https://wtpcreoetjounuatzaub.supabase.co/storage/v1/object/public/bottle-images/enhanced/GBCylSwrl9MtlRollBlkDot.png,"",2026-01-02T03:20:53.863248+00:00
GBCylFrst9RollSlDot,"Frosted Glass with Plastic Roller Ball and Silver Dot",frosted,"plastic roll with silver dot cap",https://www.bestbottles.com/images/store/enlarged_pics/GBCylFrst9RollBlkDot.gif,https://wtpcreoetjounuatzaub.supabase.co/storage/v1/object/public/bottle-images/enhanced/GBCylFrst9RollSlDot.png,"",2026-01-02T03:20:28.187144+00:00
GBCylFrst9RollShBlk,"Frosted Glass with Plastic Roller Ball and Black Shiny",frosted,"plastic roll with black shiny cap",https://www.bestbottles.com/images/store/enlarged_pics/GBCylFrst9RollBlkDot.gif,https://wtpcreoetjounuatzaub.supabase.co/storage/v1/object/public/bottle-images/enhanced/GBCylFrst9RollShBlk.png,"",2026-01-02T03:20:09.254371+00:00
GBCylFrst9RollShnGl,"Frosted Glass with Plastic Roller Ball and Gold Shiny",frosted,"plastic roll with gold shiny cap",https://www.bestbottles.com/images/store/enlarged_pics/GBCylFrst9RollBlkDot.gif,https://wtpcreoetjounuatzaub.supabase.co/storage/v1/object/public/bottle-images/enhanced/GBCylFrst9RollShnGl.png,"",2026-01-02T03:19:50.806185+00:00
GBCylFrst9RollPnkDot,"Frosted Glass with Plastic Roller Ball and Pink Dot",frosted,"plastic roll with pink dot cap",https://www.bestbottles.com/images/store/enlarged_pics/GBCylFrst9RollBlkDot.gif,https://wtpcreoetjounuatzaub.supabase.co/storage/v1/object/public/bottle-images/enhanced/GBCylFrst9RollPnkDot.png,"",2026-01-02T03:19:32.676069+00:00
GBCylFrst9RollWht,"Frosted Glass with Plastic Roller Ball and White",frosted,"plastic roll with white cap",https://www.bestbottles.com/images/store/enlarged_pics/GBCylFrst9RollBlkDot.gif,https://wtpcreoetjounuatzaub.supabase.co/storage/v1/object/public/bottle-images/enhanced/GBCylFrst9RollWht.png,"",2026-01-02T03:19:14.270437+00:00
GBCylFrst9RollMattSl,"Frosted Glass with Plastic Roller Ball and Silver Matte",frosted,"plastic roll with silver matte cap",https://www.bestbottles.com/images/store/enlarged_pics/GBCylFrst9RollBlkDot.gif,https://wtpcreoetjounuatzaub.supabase.co/storage/v1/object/public/bottle-images/enhanced/GBCylFrst9RollMattSl.png,"",2026-01-02T03:18:50.292991+00:00
GBCylFrst9RollMattGl,"Frosted Glass with Plastic Roller Ball and Gold Matte",frosted,"plastic roll with gold matte cap",https://www.bestbottles.com/images/store/enlarged_pics/GBCylFrst9RollBlkDot.gif,https://wtpcreoetjounuatzaub.supabase.co/storage/v1/object/public/bottle-images/enhanced/GBCylFrst9RollMattGl.png,"",2026-01-02T03:18:32.62053+00:00
GBCylFrst9RollBlkDot,"Frosted Glass with Plastic Roller Ball and Black Dot",frosted,"plastic roll with black dot cap",https://www.bestbottles.com/images/store/enlarged_pics/GBCylFrst9RollBlkDot.gif,https://wtpcreoetjounuatzaub.supabase.co/storage/v1/object/public/bottle-images/enhanced/GBCylFrst9RollBlkDot.png,"",2026-01-02T03:18:09.524102+00:00
GBCylFrst9MtlRollMattCu,"Frosted Glass with Metal Roller Ball and Copper Matte",frosted,"metal roll with copper matte cap",https://www.bestbottles.com/images/store/enlarged_pics/GBCylFrst9MtlRollBlkDot.gif,https://wtpcreoetjounuatzaub.supabase.co/storage/v1/object/public/bottle-images/enhanced/GBCylFrst9MtlRollMattCu.png,"",2026-01-02T03:17:50.428507+00:00
GBCylFrst9MtlRollShnSl,"Frosted Glass with Metal Roller Ball and Silver Shiny",frosted,"metal roll with silver shiny cap",https://www.bestbottles.com/images/store/enlarged_pics/GBCylFrst9MtlRollBlkDot.gif,https://wtpcreoetjounuatzaub.supabase.co/storage/v1/object/public/bottle-images/enhanced/GBCylFrst9MtlRollShnSl.png,"",2026-01-02T03:17:31.341578+00:00
GBCylFrst9MtlRollSlDot,"Frosted Glass with Metal Roller Ball and Silver Dot",frosted,"metal roll with silver dot cap",https://www.bestbottles.com/images/store/enlarged_pics/GBCylFrst9MtlRollBlkDot.gif,https://wtpcreoetjounuatzaub.supabase.co/storage/v1/object/public/bottle-images/enhanced/GBCylFrst9MtlRollSlDot.png,"",2026-01-02T03:17:11.940176+00:00
GBCylFrst9MtlRollShBlk,"Frosted Glass with Metal Roller Ball and Black Shiny",frosted,"metal roll with black shiny cap",https://www.bestbottles.com/images/store/enlarged_pics/GBCylFrst9MtlRollBlkDot.gif,https://wtpcreoetjounuatzaub.supabase.co/storage/v1/object/public/bottle-images/enhanced/GBCylFrst9MtlRollShBlk.png,"",2026-01-02T03:16:48.514152+00:00
GBCylFrst9MtlRollShnGl,"Frosted Glass with Metal Roller Ball and Gold Shiny",frosted,"metal roll with gold shiny cap",https://www.bestbottles.com/images/store/enlarged_pics/GBCylFrst9MtlRollBlkDot.gif,https://wtpcreoetjounuatzaub.supabase.co/storage/v1/object/public/bottle-images/enhanced/GBCylFrst9MtlRollShnGl.png,"",2026-01-02T03:16:29.744829+00:00
GBCylFrst9MtlRollPnkDot,"Frosted Glass with Metal Roller Ball and Pink Dot",frosted,"metal roll with pink dot cap",https://www.bestbottles.com/images/store/enlarged_pics/GBCylFrst9MtlRollBlkDot.gif,https://wtpcreoetjounuatzaub.supabase.co/storage/v1/object/public/bottle-images/enhanced/GBCylFrst9MtlRollPnkDot.png,"",2026-01-02T03:16:10.36113+00:00
GBCylFrst9MtlRollWht,"Frosted Glass with Metal Roller Ball and White",frosted,"metal roll with white cap",https://www.bestbottles.com/images/store/enlarged_pics/GBCylFrst9MtlRollBlkDot.gif,https://wtpcreoetjounuatzaub.supabase.co/storage/v1/object/public/bottle-images/enhanced/GBCylFrst9MtlRollWht.png,"",2026-01-02T03:15:51.277304+00:00
GBCylFrst9MtlRollMattSl,"Frosted Glass with Metal Roller Ball and Silver Matte",frosted,"metal roll with silver matte cap",https://www.bestbottles.com/images/store/enlarged_pics/GBCylFrst9MtlRollBlkDot.gif,https://wtpcreoetjounuatzaub.supabase.co/storage/v1/object/public/bottle-images/enhanced/GBCylFrst9MtlRollMattSl.png,"",2026-01-02T03:15:32.801928+00:00
GBCylFrst9MtlRollMattGl,"Frosted Glass with Metal Roller Ball and Gold Matte",frosted,"metal roll with gold matte cap",https://www.bestbottles.com/images/store/enlarged_pics/GBCylFrst9MtlRollBlkDot.gif,https://wtpcreoetjounuatzaub.supabase.co/storage/v1/object/public/bottle-images/enhanced/GBCylFrst9MtlRollMattGl.png,"",2026-01-02T03:15:13.101442+00:00
GBCylBlu9MtlRollSlDot,"Cobalt Blue Glass with Metal Roller Ball and Silver Dot",cobalt blue,"metal roll with silver dot cap",https://www.bestbottles.com/images/store/enlarged_pics/GBCylBlu9MtlRollBlkDot.gif,https://wtpcreoetjounuatzaub.supabase.co/storage/v1/object/public/bottle-images/enhanced/GBCylBlu9MtlRollSlDot.png,"",2026-01-02T03:14:53.682828+00:00
GBCylFrst9MtlRollBlkDot,"Frosted Glass with Metal Roller Ball and Black Dot",frosted,"metal roll with black dot cap",https://www.bestbottles.com/images/store/enlarged_pics/GBCylFrst9MtlRollBlkDot.gif,https://wtpcreoetjounuatzaub.supabase.co/storage/v1/object/public/bottle-images/enhanced/GBCylFrst9MtlRollBlkDot.png,"",2026-01-02T03:14:52.58649+00:00
GBCylBlu9MtlRollShBlk,"Cobalt Blue Glass with Metal Roller Ball and Black Shiny",cobalt blue,"metal roll with black shiny cap",https://www.bestbottles.com/images/store/enlarged_pics/GBCylBlu9MtlRollBlkDot.gif,https://wtpcreoetjounuatzaub.supabase.co/storage/v1/object/public/bottle-images/enhanced/GBCylBlu9MtlRollShBlk.png,"",2026-01-02T03:14:32.411957+00:00
GBCylBlu9MtlRollPnkDot,"Cobalt Blue Glass with Metal Roller Ball and Pink Dot",cobalt blue,"metal roll with pink dot cap",https://www.bestbottles.com/images/store/enlarged_pics/GBCylBlu9MtlRollBlkDot.gif,https://wtpcreoetjounuatzaub.supabase.co/storage/v1/object/public/bottle-images/enhanced/GBCylBlu9MtlRollPnkDot.png,"",2026-01-02T03:14:14.15659+00:00
GBCylBlu9MtlRollWht,"Cobalt Blue Glass with Metal Roller Ball and White",cobalt blue,"metal roll with white cap",https://www.bestbottles.com/images/store/enlarged_pics/GBCylBlu9MtlRollBlkDot.gif,https://wtpcreoetjounuatzaub.supabase.co/storage/v1/object/public/bottle-images/enhanced/GBCylBlu9MtlRollWht.png,"",2026-01-02T03:13:55.357443+00:00
GBCylBlu9MtlRollMattGl,"Cobalt Blue Glass with Metal Roller Ball and Gold Matte",cobalt blue,"metal roll with gold matte cap",https://www.bestbottles.com/images/store/enlarged_pics/GBCylBlu9MtlRollBlkDot.gif,https://wtpcreoetjounuatzaub.supabase.co/storage/v1/object/public/bottle-images/enhanced/GBCylBlu9MtlRollMattGl.png,"",2026-01-02T03:13:36.584289+00:00
GBCylBlu9MtlRollBlkDot,"Cobalt Blue Glass with Metal Roller Ball and Black Dot",cobalt blue,"metal roll with black dot cap",https://www.bestbottles.com/images/store/enlarged_pics/GBCylBlu9MtlRollBlkDot.gif,https://wtpcreoetjounuatzaub.supabase.co/storage/v1/object/public/bottle-images/enhanced/GBCylBlu9MtlRollBlkDot.png,"",2026-01-02T03:13:16.224539+00:00
GBCylAmb9RollMattCu,"Amber Glass with Plastic Roller Ball and Copper Matte",amber,"plastic roll with copper matte cap",https://www.bestbottles.com/images/store/enlarged_pics/GBCylAmb9RollBlkDot.gif,https://wtpcreoetjounuatzaub.supabase.co/storage/v1/object/public/bottle-images/enhanced/GBCylAmb9RollMattCu.png,"",2026-01-02T03:12:56.28704+00:00
GBCylAmb9RollSlDot,"Amber Glass with Plastic Roller Ball and Silver Dot",amber,"plastic roll with silver dot cap",https://www.bestbottles.com/images/store/enlarged_pics/GBCylAmb9RollBlkDot.gif,https://wtpcreoetjounuatzaub.supabase.co/storage/v1/object/public/bottle-images/enhanced/GBCylAmb9RollSlDot.png,"",2026-01-02T03:12:37.955367+00:00
GBCylAmb9RollShBlk,"Amber Glass with Plastic Roller Ball and Black Shiny",amber,"plastic roll with black shiny cap",https://www.bestbottles.com/images/store/enlarged_pics/GBCylAmb9RollBlkDot.gif,https://wtpcreoetjounuatzaub.supabase.co/storage/v1/object/public/bottle-images/enhanced/GBCylAmb9RollShBlk.png,"",2026-01-02T03:12:19.126179+00:00
GBCylAmb9MtlRollBlkDot,"Amber Glass with Metal Roller Ball and Black Dot",amber,"metal roll with black dot cap",https://www.bestbottles.com/images/store/enlarged_pics/GBCylAmb9MtlRollBlkDot.gif,https://wtpcreoetjounuatzaub.supabase.co/storage/v1/object/public/bottle-images/enhanced/GBCylAmb9MtlRollBlkDot.png,"",2026-01-02T03:11:58.820344+00:00
GBCyl9RollMattCu,"Clear Glass with Plastic Roller Ball and Copper Matte",clear,"plastic roll with copper matte cap",https://www.bestbottles.com/images/store/enlarged_pics/GBCyl9RollBlkDot.gif,https://wtpcreoetjounuatzaub.supabase.co/storage/v1/object/public/bottle-images/enhanced/GBCyl9RollMattCu.png,"",2026-01-02T03:11:40.63677+00:00
GBCylBlu9RollMattCu,"Cobalt Blue Glass with Plastic Roller Ball and Copper Matte",cobalt blue,"plastic roll with copper matte cap",https://www.bestbottles.com/images/store/enlarged_pics/GBCylBlu9RollBlkDot.gif,https://wtpcreoetjounuatzaub.supabase.co/storage/v1/object/public/bottle-images/enhanced/GBCylBlu9RollMattCu.png,"",2026-01-02T03:11:40.578668+00:00
GBCyl9RollSlDot,"Clear Glass with Plastic Roller Ball and Silver Dot",clear,"plastic roll with silver dot cap",https://www.bestbottles.com/images/store/enlarged_pics/GBCyl9RollBlkDot.gif,https://wtpcreoetjounuatzaub.supabase.co/storage/v1/object/public/bottle-images/enhanced/GBCyl9RollSlDot.png,"",2026-01-02T03:11:22.213216+00:00
GBCylBlu9RollShnSl,"Cobalt Blue Glass with Plastic Roller Ball and Silver Shiny",cobalt blue,"plastic roll with silver shiny cap",https://www.bestbottles.com/images/store/enlarged_pics/GBCylBlu9RollBlkDot.gif,https://wtpcreoetjounuatzaub.supabase.co/storage/v1/object/public/bottle-images/enhanced/GBCylBlu9RollShnSl.png,"",2026-01-02T03:11:20.469536+00:00
GBCyl9RollShBlk,"Clear Glass with Plastic Roller Ball and Black Shiny",clear,"plastic roll with black shiny cap",https://www.bestbottles.com/images/store/enlarged_pics/GBCyl9RollBlkDot.gif,https://wtpcreoetjounuatzaub.supabase.co/storage/v1/object/public/bottle-images/enhanced/GBCyl9RollShBlk.png,"",2026-01-02T03:11:02.524134+00:00
GBCylBlu9RollSlDot,"Cobalt Blue Glass with Plastic Roller Ball and Silver Dot",cobalt blue,"plastic roll with silver dot cap",https://www.bestbottles.com/images/store/enlarged_pics/GBCylBlu9RollBlkDot.gif,https://wtpcreoetjounuatzaub.supabase.co/storage/v1/object/public/bottle-images/enhanced/GBCylBlu9RollSlDot.png,"",2026-01-02T03:11:00.356997+00:00
GBCylAmb9MtlRollMattCu,"Amber Glass with Metal Roller Ball and Copper Matte",amber,"metal roll with copper matte cap",https://www.bestbottles.com/images/store/enlarged_pics/GBCylAmb9MtlRollBlkDot.gif,https://wtpcreoetjounuatzaub.supabase.co/storage/v1/object/public/bottle-images/enhanced/GBCylAmb9MtlRollMattCu.png,"",2026-01-02T03:10:43.363897+00:00
GBCylBlu9RollShBlk,"Cobalt Blue Glass with Plastic Roller Ball and Black Shiny",cobalt blue,"plastic roll with black shiny cap",https://www.bestbottles.com/images/store/enlarged_pics/GBCylBlu9RollBlkDot.gif,https://wtpcreoetjounuatzaub.supabase.co/storage/v1/object/public/bottle-images/enhanced/GBCylBlu9RollShBlk.png,"",2026-01-02T03:10:41.936274+00:00
GBCyl9RollPnkDot,"Clear Glass with Plastic Roller Ball and Pink Dot",clear,"plastic roll with pink dot cap",https://www.bestbottles.com/images/store/enlarged_pics/GBCyl9RollBlkDot.gif,https://wtpcreoetjounuatzaub.supabase.co/storage/v1/object/public/bottle-images/enhanced/GBCyl9RollPnkDot.png,"",2026-01-02T03:10:24.959732+00:00
GBCylBlu9RollWht,"Cobalt Blue Glass with Plastic Roller Ball and White",cobalt blue,"plastic roll with white cap",https://www.bestbottles.com/images/store/enlarged_pics/GBCylBlu9RollBlkDot.gif,https://wtpcreoetjounuatzaub.supabase.co/storage/v1/object/public/bottle-images/enhanced/GBCylBlu9RollWht.png,"",2026-01-02T03:10:23.54968+00:00
GBCylAmb9MtlRollShnSl,"Amber Glass with Metal Roller Ball and Silver Shiny",amber,"metal roll with silver shiny cap",https://www.bestbottles.com/images/store/enlarged_pics/GBCylAmb9MtlRollBlkDot.gif,https://wtpcreoetjounuatzaub.supabase.co/storage/v1/object/public/bottle-images/enhanced/GBCylAmb9MtlRollShnSl.png,"",2026-01-02T03:10:06.617406+00:00
GBCylBlu9RollMattSl,"Cobalt Blue Glass with Plastic Roller Ball and Silver Matte",cobalt blue,"plastic roll with silver matte cap",https://www.bestbottles.com/images/store/enlarged_pics/GBCylBlu9RollBlkDot.gif,https://wtpcreoetjounuatzaub.supabase.co/storage/v1/object/public/bottle-images/enhanced/GBCylBlu9RollMattSl.png,"",2026-01-02T03:10:05.286423+00:00
GBCyl9RollWht,"Clear Glass with Plastic Roller Ball and White",clear,"plastic roll with white cap",https://www.bestbottles.com/images/store/enlarged_pics/GBCyl9RollBlkDot.gif,https://wtpcreoetjounuatzaub.supabase.co/storage/v1/object/public/bottle-images/enhanced/GBCyl9RollWht.png,"",2026-01-02T03:09:47.898711+00:00
GBCylBlu9RollMattGl,"Cobalt Blue Glass with Plastic Roller Ball and Gold Matte",cobalt blue,"plastic roll with gold matte cap",https://www.bestbottles.com/images/store/enlarged_pics/GBCylBlu9RollBlkDot.gif,https://wtpcreoetjounuatzaub.supabase.co/storage/v1/object/public/bottle-images/enhanced/GBCylBlu9RollMattGl.png,"",2026-01-02T03:09:46.642257+00:00
GBCylAmb9MtlRollShBlk,"Amber Glass with Metal Roller Ball and Black Shiny",amber,"metal roll with black shiny cap",https://www.bestbottles.com/images/store/enlarged_pics/GBCylAmb9MtlRollBlkDot.gif,https://wtpcreoetjounuatzaub.supabase.co/storage/v1/object/public/bottle-images/enhanced/GBCylAmb9MtlRollShBlk.png,"",2026-01-02T03:09:26.130286+00:00
GBCylBlu9RollBlkDot,"Cobalt Blue Glass with Plastic Roller Ball and Black Dot",cobalt blue,"plastic roll with black dot cap",https://www.bestbottles.com/images/store/enlarged_pics/GBCylBlu9RollBlkDot.gif,https://wtpcreoetjounuatzaub.supabase.co/storage/v1/object/public/bottle-images/enhanced/GBCylBlu9RollBlkDot.png,"",2026-01-02T03:09:25.826521+00:00
GBCylBlu9MtlRollMattCu,"Cobalt Blue Glass with Metal Roller Ball and Copper Matte",cobalt blue,"metal roll with copper matte cap",https://www.bestbottles.com/images/store/enlarged_pics/GBCylBlu9MtlRollBlkDot.gif,https://wtpcreoetjounuatzaub.supabase.co/storage/v1/object/public/bottle-images/enhanced/GBCylBlu9MtlRollMattCu.png,"",2026-01-02T03:09:05.820701+00:00
GBCylAmb9MtlRollShnGl,"Amber Glass with Metal Roller Ball and Gold Shiny",amber,"metal roll with gold shiny cap",https://www.bestbottles.com/images/store/enlarged_pics/GBCylAmb9MtlRollBlkDot.gif,https://wtpcreoetjounuatzaub.supabase.co/storage/v1/object/public/bottle-images/enhanced/GBCylAmb9MtlRollShnGl.png,"",2026-01-02T03:09:05.358088+00:00
GBCyl9RollMattSl,"Clear Glass with Plastic Roller Ball and Silver Matte",clear,"plastic roll with silver matte cap",https://www.bestbottles.com/images/store/enlarged_pics/GBCyl9RollBlkDot.gif,https://wtpcreoetjounuatzaub.supabase.co/storage/v1/object/public/bottle-images/enhanced/GBCyl9RollMattSl.png,"",2026-01-02T03:08:47.045681+00:00
GBCylAmb9MtlRollWht,"Amber Glass with Metal Roller Ball and White",amber,"metal roll with white cap",https://www.bestbottles.com/images/store/enlarged_pics/GBCylAmb9MtlRollBlkDot.gif,https://wtpcreoetjounuatzaub.supabase.co/storage/v1/object/public/bottle-images/enhanced/GBCylAmb9MtlRollWht.png,"",2026-01-02T03:08:26.324254+00:00
GBCylSwrl9MtlRollSlDot,"Swirl Pattern Glass with Metal Roller Ball and Silver Dot",clear with swirl,"metal roll with silver dot cap",https://www.bestbottles.com/images/store/enlarged_pics/GBCylSwrl9MtlRollBlkDot.gif,https://wtpcreoetjounuatzaub.supabase.co/storage/v1/object/public/bottle-images/enhanced/GBCylSwrl9MtlRollSlDot.png,"",2026-01-02T03:08:20.178642+00:00
GBCyl9MtlRollMattCu,"Clear Glass with Metal Roller Ball and Copper Matte",clear,"metal roll with copper matte cap",https://www.bestbottles.com/images/store/enlarged_pics/GBCyl9MtlRollBlkDot.gif,https://wtpcreoetjounuatzaub.supabase.co/storage/v1/object/public/bottle-images/enhanced/GBCyl9MtlRollMattCu.png,"",2026-01-02T03:08:07.689044+00:00
GBCylSwrl9MtlRollShBlk,"Swirl Pattern Glass with Metal Roller Ball and Black Shiny",clear with swirl,"metal roll with black shiny cap",https://www.bestbottles.com/images/store/enlarged_pics/GBCylSwrl9MtlRollBlkDot.gif,https://wtpcreoetjounuatzaub.supabase.co/storage/v1/object/public/bottle-images/enhanced/GBCylSwrl9MtlRollShBlk.png,"",2026-01-02T03:08:01.691283+00:00
GBCyl9MtlRollShnSl,"Clear Glass with Metal Roller Ball and Silver Shiny",clear,"metal roll with silver shiny cap",https://www.bestbottles.com/images/store/enlarged_pics/GBCyl9MtlRollBlkDot.gif,https://wtpcreoetjounuatzaub.supabase.co/storage/v1/object/public/bottle-images/enhanced/GBCyl9MtlRollShnSl.png,"",2026-01-02T03:07:47.782894+00:00
GBCylAmb9RollWht,"Amber Glass with Plastic Roller Ball and White",amber,"plastic roll with white cap",https://www.bestbottles.com/images/store/enlarged_pics/GBCylAmb9RollBlkDot.gif,https://wtpcreoetjounuatzaub.supabase.co/storage/v1/object/public/bottle-images/enhanced/GBCylAmb9RollWht.png,"",2026-01-02T03:07:29.259101+00:00
ROLLER-9ML-PLASTIC,"9ml Roll-On Roller: Plastic Roller",plastic roller,"roller",https://www.bestbottles.com/images/store/enlarged_pics/GBCyl9RollBlkDot.gif,https://wtpcreoetjounuatzaub.supabase.co/storage/v1/object/public/bottle-images/enhanced/ROLLER-9ML-PLASTIC.png,"",2026-01-02T03:07:11.543993+00:00
CAP-9ML-SlDot,"9ml Roll-On Cap: Silver Dot",shiny with dots,"silver dot",https://www.bestbottles.com/images/store/caps/17-415CpRollSlDot.png,https://wtpcreoetjounuatzaub.supabase.co/storage/v1/object/public/bottle-images/enhanced/CAP-9ML-SlDot.png,"",2026-01-02T03:06:49.496748+00:00
CAP-9ML-ShnGl,"9ml Roll-On Cap: Gold Shiny",shiny,"gold shiny",https://www.bestbottles.com/images/store/caps/17-415CpRollShnGl.png,https://wtpcreoetjounuatzaub.supabase.co/storage/v1/object/public/bottle-images/enhanced/CAP-9ML-ShnGl.png,"",2026-01-02T03:06:30.999222+00:00
CAP-9ML-Wht,"9ml Roll-On Cap: White",matte,"white",https://www.bestbottles.com/images/store/caps/17-415CpRollWhite.png,https://wtpcreoetjounuatzaub.supabase.co/storage/v1/object/public/bottle-images/enhanced/CAP-9ML-Wht.png,"",2026-01-02T03:06:11.898159+00:00
CAP-9ML-MattGl,"9ml Roll-On Cap: Gold Matte",matte,"gold matte",https://www.bestbottles.com/images/store/caps/17-415CpRollMattGl.png,https://wtpcreoetjounuatzaub.supabase.co/storage/v1/object/public/bottle-images/enhanced/CAP-9ML-MattGl.png,"",2026-01-02T03:05:53.112733+00:00
ROLLER-9ML-METAL,"9ml Roll-On Roller: Metal Roller",metal roller,"roller",https://www.bestbottles.com/images/store/enlarged_pics/GBCyl9MtlRollBlkDot.gif,https://wtpcreoetjounuatzaub.supabase.co/storage/v1/object/public/bottle-images/enhanced/ROLLER-9ML-METAL.png,"",2026-01-02T03:05:33.413832+00:00
CAP-9ML-ShnSl,"9ml Roll-On Cap: Silver Shiny",shiny,"silver shiny",https://www.bestbottles.com/images/store/caps/17-415CpRollShnSl.png,https://wtpcreoetjounuatzaub.supabase.co/storage/v1/object/public/bottle-images/enhanced/CAP-9ML-ShnSl.png,"",2026-01-02T03:05:13.36365+00:00
CAP-9ML-PnkDot,"9ml Roll-On Cap: Pink Dot",shiny with dots,"pink dot",https://www.bestbottles.com/images/store/caps/17-415CpRollPnkDot.png,https://wtpcreoetjounuatzaub.supabase.co/storage/v1/object/public/bottle-images/enhanced/CAP-9ML-PnkDot.png,"",2026-01-02T03:04:49.783145+00:00
CAP-9ML-MattSl,"9ml Roll-On Cap: Silver Matte",matte,"silver matte",https://www.bestbottles.com/images/store/caps/17-415CpRollMattSl.png,https://wtpcreoetjounuatzaub.supabase.co/storage/v1/object/public/bottle-images/enhanced/CAP-9ML-MattSl.png,"",2026-01-02T03:04:30.529865+00:00
CAP-9ML-BlkDot,"9ml Roll-On Cap: Black Dot",shiny with dots,"black dot",https://www.bestbottles.com/images/store/caps/17-415CpRollBlkDot.png,https://wtpcreoetjounuatzaub.supabase.co/storage/v1/object/public/bottle-images/enhanced/CAP-9ML-BlkDot.png,"",2026-01-02T03:04:12.469788+00:00
GBCylBlu9RollPnkDot,"Cobalt Blue Glass with Plastic Roller Ball and Pink Dot",cobalt blue,"plastic roll with pink dot cap",https://www.bestbottles.com/images/store/enlarged_pics/GBCylBlu9RollBlkDot.gif,https://wtpcreoetjounuatzaub.supabase.co/storage/v1/object/public/bottle-images/enhanced/GBCylBlu9RollPnkDot.png,"",2026-01-02T03:04:05.070647+00:00
GBCylAmb9RollMattSl,"Amber Glass with Plastic Roller Ball and Silver Matte",amber,"plastic roll with silver matte cap",https://www.bestbottles.com/images/store/enlarged_pics/GBCylAmb9RollBlkDot.gif,https://wtpcreoetjounuatzaub.supabase.co/storage/v1/object/public/bottle-images/enhanced/GBCylAmb9RollMattSl.png,"",2026-01-02T03:03:47.038656+00:00
GBCyl9MtlRollShnGl,"Clear Glass with Metal Roller Ball and Gold Shiny",clear,"metal roll with gold shiny cap",https://www.bestbottles.com/images/store/enlarged_pics/GBCyl9MtlRollBlkDot.gif,https://wtpcreoetjounuatzaub.supabase.co/storage/v1/object/public/bottle-images/enhanced/GBCyl9MtlRollShnGl.png,"",2026-01-02T03:03:27.64033+00:00
GBCyl9MtlRollPnkDot,"Clear Glass with Metal Roller Ball and Pink Dot",clear,"metal roll with pink dot cap",https://www.bestbottles.com/images/store/enlarged_pics/GBCyl9MtlRollBlkDot.gif,https://wtpcreoetjounuatzaub.supabase.co/storage/v1/object/public/bottle-images/enhanced/GBCyl9MtlRollPnkDot.png,"",2026-01-02T03:03:08.707808+00:00
GBCyl9MtlRollMattSl,"Clear Glass with Metal Roller Ball and Silver Matte",clear,"metal roll with silver matte cap",https://www.bestbottles.com/images/store/enlarged_pics/GBCyl9MtlRollBlkDot.gif,https://wtpcreoetjounuatzaub.supabase.co/storage/v1/object/public/bottle-images/enhanced/GBCyl9MtlRollMattSl.png,"",2026-01-02T03:02:50.290944+00:00
GBCylBlu9SpryBlk,"9ml Cylinder Cobalt Blue Spray",cobalt,"spray black",https://www.bestbottles.com/images/store/enlarged_pics/GBCylBlu9SpryBlk.gif,https://wtpcreoetjounuatzaub.supabase.co/storage/v1/object/public/bottle-images/enhanced/GBCylBlu9SpryBlk.png,"amber: https://wtpcreoetjounuatzaub.supabase.co/storage/v1/object/public/bottle-images/variations/GBCylBlu9SpryBlk-amber.png | clear: https://wtpcreoetjounuatzaub.supabase.co/storage/v1/object/public/bottle-images/variations/GBCylBlu9SpryBlk-clear.png | frosted: https://wtpcreoetjounuatzaub.supabase.co/storage/v1/object/public/bottle-images/variations/GBCylBlu9SpryBlk-frosted.png",2026-01-02T03:02:29.602983+00:00
GBCylFrst9SpryBlk,"9ml Cylinder Frosted Spray",frosted,"spray black",https://www.bestbottles.com/images/store/enlarged_pics/GBCylFrst9SpryBlk.gif,https://wtpcreoetjounuatzaub.supabase.co/storage/v1/object/public/bottle-images/enhanced/GBCylFrst9SpryBlk.png,"amber: https://wtpcreoetjounuatzaub.supabase.co/storage/v1/object/public/bottle-images/variations/GBCylFrst9SpryBlk-amber.png | clear: https://wtpcreoetjounuatzaub.supabase.co/storage/v1/object/public/bottle-images/variations/GBCylFrst9SpryBlk-clear.png | cobalt: https://wtpcreoetjounuatzaub.supabase.co/storage/v1/object/public/bottle-images/variations/GBCylFrst9SpryBlk-cobalt.png",2026-01-02T03:01:23.476497+00:00
GBCylAmb9SpryBlk,"9ml Cylinder Amber Spray",amber,"spray black",https://www.bestbottles.com/images/store/enlarged_pics/GBCylAmb9SpryBlk.gif,https://wtpcreoetjounuatzaub.supabase.co/storage/v1/object/public/bottle-images/enhanced/GBCylAmb9SpryBlk.png,"clear: https://wtpcreoetjounuatzaub.supabase.co/storage/v1/object/public/bottle-images/variations/GBCylAmb9SpryBlk-clear.png | cobalt: https://wtpcreoetjounuatzaub.supabase.co/storage/v1/object/public/bottle-images/variations/GBCylAmb9SpryBlk-cobalt.png | frosted: https://wtpcreoetjounuatzaub.supabase.co/storage/v1/object/public/bottle-images/variations/GBCylAmb9SpryBlk-frosted.png",2026-01-02T03:00:13.763603+00:00
GBCyl9MtlRollBlkDot,"9ml Cylinder Roll-On Clear Glass with Metal Ball",clear,"metal roll",https://www.bestbottles.com/images/store/enlarged_pics/GBCyl9MtlRollBlkDot.gif,https://wtpcreoetjounuatzaub.supabase.co/storage/v1/object/public/bottle-images/enhanced/GBCyl9MtlRollBlkDot.png,"amber: https://wtpcreoetjounuatzaub.supabase.co/storage/v1/object/public/bottle-images/variations/GBCyl9MtlRollBlkDot-amber.png | frosted: https://wtpcreoetjounuatzaub.supabase.co/storage/v1/object/public/bottle-images/variations/GBCyl9MtlRollBlkDot-frosted.png",2026-01-02T02:59:02.889109+00:00
GBCylBlu9MtlRollMattSl,"Cobalt Blue Glass with Metal Roller Ball and Silver Matte",cobalt blue,"metal roll with silver matte cap",https://www.bestbottles.com/images/store/enlarged_pics/GBCylBlu9MtlRollBlkDot.gif,https://wtpcreoetjounuatzaub.supabase.co/storage/v1/object/public/bottle-images/enhanced/GBCylBlu9MtlRollMattSl.png,"",2026-01-02T02:58:08.719755+00:00
GBCylBlu9RollShnGl,"Cobalt Blue Glass with Plastic Roller Ball and Gold Shiny",cobalt blue,"plastic roll with gold shiny cap",https://www.bestbottles.com/images/store/enlarged_pics/GBCylBlu9RollBlkDot.gif,https://wtpcreoetjounuatzaub.supabase.co/storage/v1/object/public/bottle-images/enhanced/GBCylBlu9RollShnGl.png,"",2026-01-02T02:57:57.647703+00:00
GBCylAmb9RollShnSl,"Amber Glass with Plastic Roller Ball and Silver Shiny",amber,"plastic roll with silver shiny cap",https://www.bestbottles.com/images/store/enlarged_pics/GBCylAmb9RollBlkDot.gif,https://wtpcreoetjounuatzaub.supabase.co/storage/v1/object/public/bottle-images/enhanced/GBCylAmb9RollShnSl.png,"",2026-01-02T02:57:50.956508+00:00
GBCylAmb9RollShnGl,"Amber Glass with Plastic Roller Ball and Gold Shiny",amber,"plastic roll with gold shiny cap",https://www.bestbottles.com/images/store/enlarged_pics/GBCylAmb9RollBlkDot.gif,https://wtpcreoetjounuatzaub.supabase.co/storage/v1/object/public/bottle-images/enhanced/GBCylAmb9RollShnGl.png,"",2026-01-02T02:57:31.788426+00:00
GBCylAmb9RollMattGl,"Amber Glass with Plastic Roller Ball and Gold Matte",amber,"plastic roll with gold matte cap",https://www.bestbottles.com/images/store/enlarged_pics/GBCylAmb9RollBlkDot.gif,https://wtpcreoetjounuatzaub.supabase.co/storage/v1/object/public/bottle-images/enhanced/GBCylAmb9RollMattGl.png,"",2026-01-02T02:56:16.420685+00:00
GBCylBlu9MtlRollShnSl,"Cobalt Blue Glass with Metal Roller Ball and Silver Shiny",cobalt blue,"metal roll with silver shiny cap",https://www.bestbottles.com/images/store/enlarged_pics/GBCylBlu9MtlRollBlkDot.gif,https://wtpcreoetjounuatzaub.supabase.co/storage/v1/object/public/bottle-images/enhanced/GBCylBlu9MtlRollShnSl.png,"",2026-01-02T02:55:48.70629+00:00
GBCylAmb9MtlRollMattSl,"Amber Glass with Metal Roller Ball and Silver Matte",amber,"metal roll with silver matte cap",https://www.bestbottles.com/images/store/enlarged_pics/GBCylAmb9MtlRollBlkDot.gif,https://wtpcreoetjounuatzaub.supabase.co/storage/v1/object/public/bottle-images/enhanced/GBCylAmb9MtlRollMattSl.png,"",2026-01-02T02:55:30.391835+00:00
GBAtom10Gl,"10ml Gold Atomizer",gold,"spray gold",https://www.bestbottles.com/images/store/enlarged_pics/GBAtom10Gl.gif,https://wtpcreoetjounuatzaub.supabase.co/storage/v1/object/public/bottle-images/enhanced/GBAtom10Gl.png,"silver: https://wtpcreoetjounuatzaub.supabase.co/storage/v1/object/public/bottle-images/variations/GBAtom10Gl-silver.png | rose_gold: https://wtpcreoetjounuatzaub.supabase.co/storage/v1/object/public/bottle-images/variations/GBAtom10Gl-rose_gold.png",2026-01-02T02:13:50.096842+00:00
GB1ozApthGreen,"30ml Apothecary Green Glass Stopper",green,"glass stopper",https://www.bestbottles.com/images/store/enlarged_pics/GB1ozApthGreen.gif,https://wtpcreoetjounuatzaub.supabase.co/storage/v1/object/public/bottle-images/enhanced/GB1ozApthGreen.png,"blue: https://wtpcreoetjounuatzaub.supabase.co/storage/v1/object/public/bottle-images/variations/GB1ozApthGreen-blue.png | clear: https://wtpcreoetjounuatzaub.supabase.co/storage/v1/object/public/bottle-images/variations/GB1ozApthGreen-clear.png",2026-01-02T02:12:58.279972+00:00
GB1ozApth,"30ml Apothecary Clear Glass Stopper",clear,"glass stopper",https://www.bestbottles.com/images/store/enlarged_pics/GB1ozApth.gif,https://wtpcreoetjounuatzaub.supabase.co/storage/v1/object/public/bottle-images/enhanced/GB1ozApth.png,"blue: https://wtpcreoetjounuatzaub.supabase.co/storage/v1/object/public/bottle-images/variations/GB1ozApth-blue.png | green: https://wtpcreoetjounuatzaub.supabase.co/storage/v1/object/public/bottle-images/variations/GB1ozApth-green.png",2026-01-02T02:12:06.163368+00:00
GB1ozApthBlue,"30ml Apothecary Blue Glass Stopper",blue,"glass stopper",https://www.bestbottles.com/images/store/enlarged_pics/GB1ozApthBlue.gif,https://wtpcreoetjounuatzaub.supabase.co/storage/v1/object/public/bottle-images/enhanced/GB1ozApthBlue.png,"clear: https://wtpcreoetjounuatzaub.supabase.co/storage/v1/object/public/bottle-images/variations/GB1ozApthBlue-clear.png | green: https://wtpcreoetjounuatzaub.supabase.co/storage/v1/object/public/bottle-images/variations/GB1ozApthBlue-green.png",2026-01-02T02:10:56.795267+00:00
LBCylAmb9LtnBlk,"9ml Cylinder Amber Lotion Pump",amber,"pump black",https://www.bestbottles.com/images/store/enlarged_pics/LBCylAmb9LtnBlk.gif,https://wtpcreoetjounuatzaub.supabase.co/storage/v1/object/public/bottle-images/enhanced/LBCylAmb9LtnBlk.png,"clear: https://wtpcreoetjounuatzaub.supabase.co/storage/v1/object/public/bottle-images/variations/LBCylAmb9LtnBlk-clear.png | cobalt: https://wtpcreoetjounuatzaub.supabase.co/storage/v1/object/public/bottle-images/variations/LBCylAmb9LtnBlk-cobalt.png | frosted: https://wtpcreoetjounuatzaub.supabase.co/storage/v1/object/public/bottle-images/variations/LBCylAmb9LtnBlk-frosted.png",2026-01-02T02:08:41.746098+00:00
GBSlm50AnSpBlk,"50ml Slim Amber Glass Spray",amber,"spray black",https://www.bestbottles.com/images/store/enlarged_pics/GBSlm50AnSpBlk.gif,https://wtpcreoetjounuatzaub.supabase.co/storage/v1/object/public/bottle-images/enhanced/GBSlm50AnSpBlk.png,"clear: https://wtpcreoetjounuatzaub.supabase.co/storage/v1/object/public/bottle-images/variations/GBSlm50AnSpBlk-clear.png | cobalt: https://wtpcreoetjounuatzaub.supabase.co/storage/v1/object/public/bottle-images/variations/GBSlm50AnSpBlk-cobalt.png",2026-01-02T02:06:22.321569+00:00
GBBstnAmb15mlBlkCapSht,"15ml Boston Round Amber",amber,"screw black",https://www.bestbottles.com/images/store/enlarged_pics/GBBstnAmb15mlBlkCapSht.gif,https://wtpcreoetjounuatzaub.supabase.co/storage/v1/object/public/bottle-images/enhanced/GBBstnAmb15mlBlkCapSht.png,"clear: https://wtpcreoetjounuatzaub.supabase.co/storage/v1/object/public/bottle-images/variations/GBBstnAmb15mlBlkCapSht-clear.png | cobalt: https://wtpcreoetjounuatzaub.supabase.co/storage/v1/object/public/bottle-images/variations/GBBstnAmb15mlBlkCapSht-cobalt.png",2026-01-02T02:04:05.22696+00:00
GBBstnBlu1ozBlkCapSht,"30ml Boston Round Cobalt Blue",cobalt,"screw black",https://www.bestbottles.com/images/store/enlarged_pics/GBBstnBlu1ozBlkCapSht.gif,https://wtpcreoetjounuatzaub.supabase.co/storage/v1/object/public/bottle-images/enhanced/GBBstnBlu1ozBlkCapSht.png,"amber: https://wtpcreoetjounuatzaub.supabase.co/storage/v1/object/public/bottle-images/variations/GBBstnBlu1ozBlkCapSht-amber.png | clear: https://wtpcreoetjounuatzaub.supabase.co/storage/v1/object/public/bottle-images/variations/GBBstnBlu1ozBlkCapSht-clear.png",2026-01-02T02:03:40.099147+00:00
GBTulip6SpryBlkSh,"6ml Tulip Clear Glass Spray",clear,"spray black",https://www.bestbottles.com/images/store/enlarged_pics/GBTulip6SpryBlkSh.gif,https://wtpcreoetjounuatzaub.supabase.co/storage/v1/object/public/bottle-images/enhanced/GBTulip6SpryBlkSh.png,"amber: https://wtpcreoetjounuatzaub.supabase.co/storage/v1/object/public/bottle-images/variations/GBTulip6SpryBlkSh-amber.png | frosted: https://wtpcreoetjounuatzaub.supabase.co/storage/v1/object/public/bottle-images/variations/GBTulip6SpryBlkSh-frosted.png",2026-01-02T02:03:10.404709+00:00
GBTulip6MtlRollBlkDot,"6ml Tulip Roll-On Clear Glass",clear,"metal roll",https://www.bestbottles.com/images/store/enlarged_pics/GBTulip6MtlRollBlkDot.gif,https://wtpcreoetjounuatzaub.supabase.co/storage/v1/object/public/bottle-images/enhanced/GBTulip6MtlRollBlkDot.png,"amber: https://wtpcreoetjounuatzaub.supabase.co/storage/v1/object/public/bottle-images/variations/GBTulip6MtlRollBlkDot-amber.png | frosted: https://wtpcreoetjounuatzaub.supabase.co/storage/v1/object/public/bottle-images/variations/GBTulip6MtlRollBlkDot-frosted.png",2026-01-02T02:02:44.79387+00:00
GBRoyal13SpryBlkSh,"13ml Royal Clear Glass Spray",clear,"spray black",https://www.bestbottles.com/images/store/enlarged_pics/GBRoyal13SpryBlkSh.gif,https://wtpcreoetjounuatzaub.supabase.co/storage/v1/object/public/bottle-images/enhanced/GBRoyal13SpryBlkSh.png,"amber: https://wtpcreoetjounuatzaub.supabase.co/storage/v1/object/public/bottle-images/variations/GBRoyal13SpryBlkSh-amber.png | frosted: https://wtpcreoetjounuatzaub.supabase.co/storage/v1/object/public/bottle-images/variations/GBRoyal13SpryBlkSh-frosted.png",2026-01-02T02:02:12.364213+00:00
GBRoyal13MtlRollBlkDot,"13ml Royal Roll-On Clear Glass",clear,"metal roll",https://www.bestbottles.com/images/store/enlarged_pics/GBRoyal13MtlRollBlkDot.gif,https://wtpcreoetjounuatzaub.supabase.co/storage/v1/object/public/bottle-images/enhanced/GBRoyal13MtlRollBlkDot.png,"amber: https://wtpcreoetjounuatzaub.supabase.co/storage/v1/object/public/bottle-images/variations/GBRoyal13MtlRollBlkDot-amber.png | frosted: https://wtpcreoetjounuatzaub.supabase.co/storage/v1/object/public/bottle-images/variations/GBRoyal13MtlRollBlkDot-frosted.png",2026-01-02T02:01:44.081742+00:00
GBSqr15SpryBlkSh,"15ml Square Clear Glass Spray",clear,"spray black",https://www.bestbottles.com/images/store/enlarged_pics/GBSqr15SpryBlkSh.gif,https://wtpcreoetjounuatzaub.supabase.co/storage/v1/object/public/bottle-images/enhanced/GBSqr15SpryBlkSh.png,"amber: https://wtpcreoetjounuatzaub.supabase.co/storage/v1/object/public/bottle-images/variations/GBSqr15SpryBlkSh-amber.png | cobalt: https://wtpcreoetjounuatzaub.supabase.co/storage/v1/object/public/bottle-images/variations/GBSqr15SpryBlkSh-cobalt.png | frosted: https://wtpcreoetjounuatzaub.supabase.co/storage/v1/object/public/bottle-images/variations/GBSqr15SpryBlkSh-frosted.png",2026-01-02T02:01:15.932929+00:00
GBSqr15MtlRollBlkDot,"15ml Square Roll-On Clear Glass",clear,"metal roll",https://www.bestbottles.com/images/store/enlarged_pics/GBSqr15MtlRollBlkDot.gif,https://wtpcreoetjounuatzaub.supabase.co/storage/v1/object/public/bottle-images/enhanced/GBSqr15MtlRollBlkDot.png,"amber: https://wtpcreoetjounuatzaub.supabase.co/storage/v1/object/public/bottle-images/variations/GBSqr15MtlRollBlkDot-amber.png | cobalt: https://wtpcreoetjounuatzaub.supabase.co/storage/v1/object/public/bottle-images/variations/GBSqr15MtlRollBlkDot-cobalt.png | frosted: https://wtpcreoetjounuatzaub.supabase.co/storage/v1/object/public/bottle-images/variations/GBSqr15MtlRollBlkDot-frosted.png",2026-01-02T02:00:40.894863+00:00